{
	"class_name" : "PinholeCameraParameters",
	"extrinsic" : 
	[
		0.55777665661727538,
		-0.20489265173562476,
		0.80430355127750008,
		0.0,
		-0.5253155770248179,
		-0.83740663938112792,
		0.15097570948827577,
		0.0,
		0.64259532045287793,
		-0.50672391061124156,
		-0.57471917711775877,
		0.0,
		8.1987437396270835,
		-11.140230664751313,
		60.455326466269689,
		1.0
	],
	"intrinsic" : 
	{
		"height" : 1080,
		"intrinsic_matrix" : 
		[
			935.30743608719376,
			0.0,
			0.0,
			0.0,
			935.30743608719376,
			0.0,
			959.5,
			539.5,
			1.0
		],
		"width" : 1920
	},
	"version_major" : 1,
	"version_minor" : 0
}